s,N,a,ratio_neg,ratio_pos,,
0.09531018,100,1,0.977202784,0.99441022,,
0.09531018,200,1,1.030251382,0.997677872,,
0.09531018,300,1,0.996214759,0.977708719,,
0.09531018,500,1,1.022143195,1.002604116,,
0.09531018,700,1,0.984871203,1.008619821,,
0.09531018,1000,1,1.010394131,0.98679172,,
0.09531018,2000,1,0.971104788,1.00731641,,
0.09531018,3000,1,0.989563657,0.999017255,,
0.09531018,5000,1,1.002996836,1.008455742,,
0.09531018,7000,1,0.970268679,1.031355834,,
0.09531018,10000,1,1.002041137,0.989004479,,
0.09531018,50000,1,0.986323095,1.00858923,,
0.09531018,100000,1,0.984972962,0.976298021,,
0.09531018,100,2,0.99174183,1.002126891,,
0.09531018,200,2,1.027509823,1.013632042,,
0.09531018,300,2,1.011846741,0.992252595,,
0.09531018,500,2,1.01998671,1.00559062,,
0.09531018,700,2,0.999714959,1.015748894,,
0.09531018,1000,2,1.012522703,0.993670043,,
0.09531018,2000,2,0.967632144,1.008322774,,
0.09531018,3000,2,0.996039671,1.008292059,,
0.09531018,5000,2,1.001420651,1.005397092,,
0.09531018,7000,2,0.97197183,1.03347293,,
0.09531018,10000,2,1.007213015,0.999526944,,
0.09531018,50000,2,0.982267463,1.008398791,,
0.09531018,100000,2,0.97779924,0.986297726,,
0.09531018,100,3,0.988726746,1.027347557,,
0.09531018,200,3,1.03404166,1.018399869,,
0.09531018,300,3,1.014002281,0.985308854,,
0.09531018,500,3,1.024425385,1.010093745,,
0.09531018,700,3,1.007888433,1.028351166,,
0.09531018,1000,3,1.020533026,1.001881828,,
0.09531018,2000,3,0.973696187,1.00982368,,
0.09531018,3000,3,0.986295219,1.006009448,,
0.09531018,5000,3,1.00183845,1.01378382,,
0.09531018,7000,3,0.973209208,1.030089603,,
0.09531018,10000,3,1.012909639,0.999377254,,
0.09531018,50000,3,0.982692202,1.011648347,,
0.09531018,100000,3,0.978881334,0.998245623,,
0.09531018,100,4,1.010041614,1.033138965,,
0.09531018,200,4,1.037514395,1.035840586,,
0.09531018,300,4,1.017132152,1.000208866,,
0.09531018,500,4,1.024476735,1.025997115,,
0.09531018,700,4,1.011765321,1.038533523,,
0.09531018,1000,4,1.017320491,1.017745511,,
0.09531018,2000,4,0.980330005,1.014434618,,
0.09531018,3000,4,0.983264525,1.002091864,,
0.09531018,5000,4,0.995300216,1.024319261,,
0.09531018,7000,4,0.972654813,1.035207296,,
0.09531018,10000,4,1.00548612,0.998077993,,
0.09531018,50000,4,0.984237141,1.01737511,,
0.09531018,100000,4,0.980234124,1.000739222,,
0.09531018,100,5,1.027057114,1.051923046,,
0.09531018,200,5,1.035482175,1.048647798,,
0.09531018,300,5,1.02728164,1.001156332,,
0.09531018,500,5,1.030816137,1.016518564,,
0.09531018,700,5,1.017870631,1.045762591,,
0.09531018,1000,5,1.024967455,1.034068584,,
0.09531018,2000,5,0.99371153,1.009435939,,
0.09531018,3000,5,0.996012986,1.001410921,,
0.09531018,5000,5,1.001434282,1.016211353,,
0.09531018,7000,5,0.968807694,1.034396264,,
0.09531018,10000,5,1.010523779,1.002897777,,
0.09531018,50000,5,0.984397239,1.017496997,,
0.09531018,100000,5,0.976542201,1.002451919,,
0.09531018,100,6,1.034832871,1.05402757,,
0.09531018,200,6,1.043827052,1.055941537,,
0.09531018,300,6,1.028707537,1.007402048,,
0.09531018,500,6,1.02773476,1.021178482,,
0.09531018,700,6,1.021973885,1.042926635,,
0.09531018,1000,6,1.027218868,1.029807526,,
0.09531018,2000,6,1.00254366,1.003069081,,
0.09531018,3000,6,0.993831777,1.01035868,,
0.09531018,5000,6,1.016585324,1.009598203,,
0.09531018,7000,6,0.964115258,1.021964829,,
0.09531018,10000,6,1.014600016,0.999917739,,
0.09531018,50000,6,0.994071302,1.018695238,,
0.09531018,100000,6,0.975343828,1.018349667,,
0.09531018,100,7,1.044976168,1.069180105,,
0.09531018,200,7,1.056983766,1.062948521,,
0.09531018,300,7,1.036085521,1.002340044,,
0.09531018,500,7,1.028648599,1.026577538,,
0.09531018,700,7,1.008703097,1.041562421,,
0.09531018,1000,7,1.02738558,1.02797673,,
0.09531018,2000,7,1.011260773,1.005059131,,
0.09531018,3000,7,0.999125084,1.017832011,,
0.09531018,5000,7,1.023612028,1.011005558,,
0.09531018,7000,7,0.967571881,1.026083274,,
0.09531018,10000,7,1.007391677,1.008051265,,
0.09531018,50000,7,0.996096822,1.016616416,,
0.09531018,100000,7,0.969172845,1.020366285,,
0.182321557,100,1,0.993589229,0.999032557,,
0.182321557,200,1,0.945773725,1.018122381,,
0.182321557,300,1,0.97568788,1.063105632,,
0.182321557,500,1,0.968293681,0.990057774,,
0.182321557,700,1,0.985118606,0.994941786,,
0.182321557,1000,1,0.987153963,1.00160289,,
0.182321557,2000,1,0.978684393,1.000012866,,
0.182321557,3000,1,0.99006598,0.994447077,,
0.182321557,5000,1,1.002283109,1.012020997,,
0.182321557,7000,1,0.957071248,1.034494034,,
0.182321557,10000,1,1.002382,0.968108972,,
0.182321557,50000,1,1.004036458,1.009135978,,
0.182321557,100000,1,0.976979555,1.002488265,,
0.182321557,100,2,1.022074299,1.019359288,,
0.182321557,200,2,0.957566535,1.02888997,,
0.182321557,300,2,0.99202378,1.063403203,,
0.182321557,500,2,1.006011995,0.988141191,,
0.182321557,700,2,1.00830061,1.001978511,,
0.182321557,1000,2,0.996667183,1.003385087,,
0.182321557,2000,2,1.000020117,0.993337061,,
0.182321557,3000,2,1.001454866,1.013206574,,
0.182321557,5000,2,1.001876275,1.003931943,,
0.182321557,7000,2,0.970100671,1.019167432,,
0.182321557,10000,2,1.003896761,0.956675889,,
0.182321557,50000,2,1.012060916,0.988800281,,
0.182321557,100000,2,0.987851046,1.010959198,,
0.182321557,100,3,1.043112911,1.065447234,,
0.182321557,200,3,0.97619602,1.041927874,,
0.182321557,300,3,0.995104718,1.078743934,,
0.182321557,500,3,1.016363875,1.01334064,,
0.182321557,700,3,1.012358818,1.015977585,,
0.182321557,1000,3,1.002000382,1.011582002,,
0.182321557,2000,3,1.005468418,0.978970949,,
0.182321557,3000,3,1.001051605,1.012567678,,
0.182321557,5000,3,1.01474544,0.998296284,,
0.182321557,7000,3,0.978347566,1.01669725,,
0.182321557,10000,3,0.999425596,0.98469548,,
0.182321557,50000,3,1.003439155,0.982437235,,
0.182321557,100000,3,0.986763183,1.011304251,,
0.182321557,100,4,1.058358121,1.087845631,,
0.182321557,200,4,0.994957156,1.05986943,,
0.182321557,300,4,1.007440839,1.090506671,,
0.182321557,500,4,1.01246294,0.994736906,,
0.182321557,700,4,1.002043228,1.02691623,,
0.182321557,1000,4,1.012858577,1.020083589,,
0.182321557,2000,4,1.017927225,1.003818109,,
0.182321557,3000,4,1.006180901,1.020355955,,
0.182321557,5000,4,1.001027224,1.01663213,,
0.182321557,7000,4,0.975720644,1.029266713,,
0.182321557,10000,4,1.001456877,0.996042206,,
0.182321557,50000,4,1.001108893,0.980736371,,
0.182321557,100000,4,0.989132927,1.001144488,,
0.182321557,100,5,1.080533078,1.115012175,,
0.182321557,200,5,1.021403402,1.064958039,,
0.182321557,300,5,1.014333224,1.088023121,,
0.182321557,500,5,1.019515763,1.013472881,,
0.182321557,700,5,1.001224659,1.038795757,,
0.182321557,1000,5,1.019176881,1.029147407,,
0.182321557,2000,5,1.035470814,1.013208029,,
0.182321557,3000,5,1.005217696,1.017296156,,
0.182321557,5000,5,1.010625109,1.017588655,,
0.182321557,7000,5,0.980843615,1.050974392,,
0.182321557,10000,5,1.00761766,1.00260663,,
0.182321557,50000,5,0.995991404,0.988931442,,
0.182321557,100000,5,0.981846829,0.991106906,,
0.182321557,100,6,1.100514202,1.133625608,,
0.182321557,200,6,1.046487518,1.09767257,,
0.182321557,300,6,1.027310131,1.105503402,,
0.182321557,500,6,1.036551347,1.043073027,,
0.182321557,700,6,1.015385841,1.065538749,,
0.182321557,1000,6,1.02204017,1.037209567,,
0.182321557,2000,6,1.048230357,1.004116581,,
0.182321557,3000,6,1.00567204,1.012964707,,
0.182321557,5000,6,1.016204004,1.017778455,,
0.182321557,7000,6,0.990724943,1.065435267,,
0.182321557,10000,6,1.008392566,1.006920283,,
0.182321557,50000,6,0.989315672,0.984609167,,
0.182321557,100000,6,0.986306993,0.982414711,,
0.182321557,100,7,1.110995243,1.172171522,,
0.182321557,200,7,1.044468081,1.12114292,,
0.182321557,300,7,1.038620289,1.112001813,,
0.182321557,500,7,1.03981845,1.077884592,,
0.182321557,700,7,1.029960055,1.092667398,,
0.182321557,1000,7,1.032674885,1.051154713,,
0.182321557,2000,7,1.057527937,1.016773341,,
0.182321557,3000,7,1.024445297,1.015340936,,
0.182321557,5000,7,1.016897272,1.031007735,,
0.182321557,7000,7,0.98981951,1.055320667,,
0.182321557,10000,7,1.01641577,1.00272071,,
0.182321557,50000,7,0.981475079,0.980338681,,
0.182321557,100000,7,0.995504725,0.995693496,,
0.262364264,100,1,0.963653853,1.034841614,,
0.262364264,200,1,1.002617717,1.003215163,,
0.262364264,300,1,0.932885185,1.020929506,,
0.262364264,500,1,0.975842296,1.026808007,,
0.262364264,700,1,0.996541101,1.003065911,,
0.262364264,1000,1,0.981050687,0.998131922,,
0.262364264,2000,1,1.018234134,1.009022576,,
0.262364264,3000,1,1.000229139,1.016775019,,
0.262364264,5000,1,0.976466254,1.021060979,,
0.262364264,7000,1,0.979473524,1.010837707,,
0.262364264,10000,1,1.005213875,1.020762998,,
0.262364264,50000,1,0.998776332,0.993989501,,
0.262364264,100000,1,0.984432975,0.974630568,,
0.262364264,100,2,0.995918257,1.067295125,,
0.262364264,200,2,1.020969191,1.033297418,,
0.262364264,300,2,0.946353356,1.023687535,,
0.262364264,500,2,1.006757616,1.032913722,,
0.262364264,700,2,0.994918916,1.013938982,,
0.262364264,1000,2,1.020447524,1.002542405,,
0.262364264,2000,2,1.03728491,1.011593507,,
0.262364264,3000,2,1.018944671,1.027910682,,
0.262364264,5000,2,0.974363174,1.016889057,,
0.262364264,7000,2,0.972220976,1.015107087,,
0.262364264,10000,2,1.005040818,1.032444541,,
0.262364264,50000,2,0.999845153,0.989387684,,
0.262364264,100000,2,0.988950679,0.98106976,,
0.262364264,100,3,1.023902755,1.108938404,,
0.262364264,200,3,1.03085034,1.066515045,,
0.262364264,300,3,0.969333552,1.056193956,,
0.262364264,500,3,1.05147575,1.024114747,,
0.262364264,700,3,0.998728202,1.044737738,,
0.262364264,1000,3,1.020854639,1.020930631,,
0.262364264,2000,3,1.021041541,1.021136717,,
0.262364264,3000,3,1.015097578,1.038734002,,
0.262364264,5000,3,0.994435534,1.00674373,,
0.262364264,7000,3,0.969618454,1.011687831,,
0.262364264,10000,3,1.002200602,1.049068899,,
0.262364264,50000,3,1.011429229,0.999216457,,
0.262364264,100000,3,0.991128578,0.987313557,,
0.262364264,100,4,1.053431075,1.15618307,,
0.262364264,200,4,1.054090393,1.104319385,,
0.262364264,300,4,0.992170553,1.087526389,,
0.262364264,500,4,1.05980787,1.047818424,,
0.262364264,700,4,1.011477157,1.057344037,,
0.262364264,1000,4,1.041026069,1.036760813,,
0.262364264,2000,4,1.028839998,1.039658033,,
0.262364264,3000,4,1.016043073,1.035538517,,
0.262364264,5000,4,1.000535041,1.028715809,,
0.262364264,7000,4,0.985030399,1.009535482,,
0.262364264,10000,4,1.006073303,1.038634726,,
0.262364264,50000,4,1.023475807,1.011604523,,
0.262364264,100000,4,0.998385358,0.982423986,,
0.262364264,100,5,1.075022911,1.220024352,,
0.262364264,200,5,1.072010154,1.146813733,,
0.262364264,300,5,1.008383967,1.135534406,,
0.262364264,500,5,1.057244071,1.081447346,,
0.262364264,700,5,1.02921248,1.077060514,,
0.262364264,1000,5,1.037945101,1.061358963,,
0.262364264,2000,5,1.038235735,1.059658656,,
0.262364264,3000,5,1.008923789,1.038618397,,
0.262364264,5000,5,1.025067727,1.041930675,,
0.262364264,7000,5,0.992581566,1.005211479,,
0.262364264,10000,5,1.003085513,1.050063582,,
0.262364264,50000,5,1.021019514,1.000271503,,
0.262364264,100000,5,1.005835275,0.982378533,,
0.262364264,100,6,1.109364381,1.281663005,,
0.262364264,200,6,1.088981172,1.187031451,,
0.262364264,300,6,1.049098244,1.189727525,,
0.262364264,500,6,1.082780226,1.121741524,,
0.262364264,700,6,1.036473558,1.10512752,,
0.262364264,1000,6,1.039417683,1.077565643,,
0.262364264,2000,6,1.045110744,1.059015242,,
0.262364264,3000,6,1.010750762,1.055789413,,
0.262364264,5000,6,1.038381963,1.046400174,,
0.262364264,7000,6,0.987875491,1.009628048,,
0.262364264,10000,6,0.990054632,1.051143973,,
0.262364264,50000,6,1.023436662,1.013160347,,
0.262364264,100000,6,1.010071036,0.985432804,,
0.262364264,100,7,1.137118667,1.35950018,,
0.262364264,200,7,1.121495107,1.21930455,,
0.262364264,300,7,1.075719377,1.210510771,,
0.262364264,500,7,1.104322479,1.155350004,,
0.262364264,700,7,1.062690779,1.137865968,,
0.262364264,1000,7,1.053646662,1.091721089,,
0.262364264,2000,7,1.046808576,1.074159646,,
0.262364264,3000,7,1.021680793,1.065664498,,
0.262364264,5000,7,1.036624392,1.054702294,,
0.262364264,7000,7,1.00374251,1.01047769,,
0.262364264,10000,7,1.003101699,1.047417597,,
0.262364264,50000,7,1.010720067,1.024274711,,
0.262364264,100000,7,1.001748487,1.002160771,,
0.336472237,100,1,0.990029317,1.032200962,,
0.336472237,200,1,0.983119194,1.028369862,,
0.336472237,300,1,0.984889399,1.020293109,,
0.336472237,500,1,0.978668692,1.009549195,,
0.336472237,700,1,0.988528769,0.998362979,,
0.336472237,1000,1,1.02214535,1.036798118,,
0.336472237,2000,1,0.957029117,0.988930177,,
0.336472237,3000,1,1.009680585,1.00043521,,
0.336472237,5000,1,0.999196791,0.993192774,,
0.336472237,7000,1,1.004698619,1.016800651,,
0.336472237,10000,1,1.008403065,1.015000598,,
0.336472237,50000,1,0.980591792,1.004156281,,
0.336472237,100000,1,0.995117483,1.014787146,,
0.336472237,100,2,1.008404924,1.074820605,,
0.336472237,200,2,1.002064301,1.039531869,,
0.336472237,300,2,0.974021497,1.041316115,,
0.336472237,500,2,0.999451246,1.038741333,,
0.336472237,700,2,1.01138034,1.000912099,,
0.336472237,1000,2,1.030910253,1.040472724,,
0.336472237,2000,2,0.982071304,0.988694557,,
0.336472237,3000,2,1.023686532,0.996212925,,
0.336472237,5000,2,1.01890853,1.012122916,,
0.336472237,7000,2,1.009713094,1.027524419,,
0.336472237,10000,2,1.014770328,1.022103044,,
0.336472237,50000,2,0.998681549,1.011343479,,
0.336472237,100000,2,0.986590933,1.016095165,,
0.336472237,100,3,1.02712542,1.145245578,,
0.336472237,200,3,1.024987253,1.106824657,,
0.336472237,300,3,0.993515055,1.081297295,,
0.336472237,500,3,1.006068606,1.07576269,,
0.336472237,700,3,1.027513942,1.044822318,,
0.336472237,1000,3,1.042746675,1.086465534,,
0.336472237,2000,3,0.996809779,0.99818704,,
0.336472237,3000,3,1.023034377,1.005576045,,
0.336472237,5000,3,0.996687055,1.023211456,,
0.336472237,7000,3,1.017721089,1.034691419,,
0.336472237,10000,3,1.010167138,1.026057227,,
0.336472237,50000,3,1.016005696,1.021627619,,
0.336472237,100000,3,0.993154039,1.014078675,,
0.336472237,100,4,1.065220254,1.226071414,,
0.336472237,200,4,1.053878316,1.181153159,,
0.336472237,300,4,1.027928342,1.10848656,,
0.336472237,500,4,1.020963979,1.113956728,,
0.336472237,700,4,1.043816175,1.074464424,,
0.336472237,1000,4,1.058714828,1.106782259,,
0.336472237,2000,4,1.01849077,1.0340595,,
0.336472237,3000,4,1.009516818,1.021655874,,
0.336472237,5000,4,1.009128739,1.03769204,,
0.336472237,7000,4,1.015270921,1.04112578,,
0.336472237,10000,4,0.998087627,1.038307507,,
0.336472237,50000,4,1.024578554,1.036165903,,
0.336472237,100000,4,0.97803409,1.019265946,,
0.336472237,100,5,1.090363305,1.310470097,,
0.336472237,200,5,1.071332919,1.23959243,,
0.336472237,300,5,1.065062932,1.159822617,,
0.336472237,500,5,1.041522667,1.164744554,,
0.336472237,700,5,1.058253064,1.112102631,,
0.336472237,1000,5,1.066113906,1.128757595,,
0.336472237,2000,5,1.027950971,1.053301385,,
0.336472237,3000,5,1.014384664,1.030597911,,
0.336472237,5000,5,1.026789616,1.04942616,,
0.336472237,7000,5,1.022696428,1.038533263,,
0.336472237,10000,5,0.994499519,1.032896826,,
0.336472237,50000,5,1.016547445,1.044917546,,
0.336472237,100000,5,0.999532935,1.028273081,,
0.336472237,100,6,1.128710675,1.402467142,,
0.336472237,200,6,1.103232998,1.324365556,,
0.336472237,300,6,1.107752335,1.22454393,,
0.336472237,500,6,1.070016848,1.199199799,,
0.336472237,700,6,1.091721309,1.122217426,,
0.336472237,1000,6,1.083102159,1.172937424,,
0.336472237,2000,6,1.048497693,1.072859291,,
0.336472237,3000,6,1.020075501,1.050161535,,
0.336472237,5000,6,1.025621349,1.069025399,,
0.336472237,7000,6,1.026610782,1.050737033,,
0.336472237,10000,6,1.01698319,1.032318948,,
0.336472237,50000,6,1.015525188,1.05596423,,
0.336472237,100000,6,0.991506771,1.031320772,,
0.336472237,100,7,1.183650039,1.503821207,,
0.336472237,200,7,1.1458828,1.400890116,,
0.336472237,300,7,1.151026108,1.282361966,,
0.336472237,500,7,1.103218046,1.245253377,,
0.336472237,700,7,1.11607899,1.165068899,,
0.336472237,1000,7,1.107495731,1.221565771,,
0.336472237,2000,7,1.077922357,1.08562289,,
0.336472237,3000,7,1.037058811,1.073535736,,
0.336472237,5000,7,1.03881632,1.095563955,,
0.336472237,7000,7,1.043305292,1.060080957,,
0.336472237,10000,7,1.039918443,1.060789695,,
0.336472237,50000,7,1.008789883,1.059026909,,
0.336472237,100000,7,1.00134102,1.032712117,,
0.470003629,100,1,0.942179993,1.048149017,,
0.470003629,200,1,0.968384179,1.057575647,,
0.470003629,300,1,0.985474884,1.039165762,,
0.470003629,500,1,0.991388144,1.032251685,,
0.470003629,700,1,0.995472115,1.0778099,,
0.470003629,1000,1,0.994875911,1.036882396,,
0.470003629,2000,1,0.968556337,0.987256618,,
0.470003629,3000,1,1.012999786,0.998526334,,
0.470003629,5000,1,0.995873265,1.024688178,,
0.470003629,7000,1,0.998651102,0.973380076,,
0.470003629,10000,1,0.995347913,0.993213795,,
0.470003629,50000,1,1.011902537,0.990176787,,
0.470003629,100000,1,1.000715621,1.000538706,,
0.470003629,100,2,0.976402649,1.099032766,,
0.470003629,200,2,0.976280556,1.102154442,,
0.470003629,300,2,1.024671518,1.067307645,,
0.470003629,500,2,1.019062173,1.056158349,,
0.470003629,700,2,1.014361383,1.076819473,,
0.470003629,1000,2,1.009383209,1.054762373,,
0.470003629,2000,2,0.958763556,1.004984297,,
0.470003629,3000,2,1.024145877,1.003261459,,
0.470003629,5000,2,0.99357213,1.040875168,,
0.470003629,7000,2,0.997537067,0.993714611,,
0.470003629,10000,2,0.970026886,1.006533148,,
0.470003629,50000,2,1.015416155,0.981002004,,
0.470003629,100000,2,1.001452683,1.008113915,,
0.470003629,100,3,1.032929206,1.180199435,,
0.470003629,200,3,0.999071071,1.173608706,,
0.470003629,300,3,1.05655105,1.156299081,,
0.470003629,500,3,1.043513422,1.09744778,,
0.470003629,700,3,1.033524594,1.114642442,,
0.470003629,1000,3,1.019455551,1.09247098,,
0.470003629,2000,3,0.971724276,1.049985805,,
0.470003629,3000,3,1.034610044,1.019946408,,
0.470003629,5000,3,0.998274945,1.032450581,,
0.470003629,7000,3,0.98611412,1.031858319,,
0.470003629,10000,3,0.984025856,0.99056962,,
0.470003629,50000,3,1.008668222,0.977623777,,
0.470003629,100000,3,1.003291067,1.014779013,,
0.470003629,100,4,1.097309982,1.316675989,,
0.470003629,200,4,1.040466865,1.268999198,,
0.470003629,300,4,1.089100661,1.23684453,,
0.470003629,500,4,1.050590422,1.125198689,,
0.470003629,700,4,1.064380846,1.152986987,,
0.470003629,1000,4,1.026840928,1.138152443,,
0.470003629,2000,4,0.98977167,1.079666206,,
0.470003629,3000,4,1.051702422,1.065065432,,
0.470003629,5000,4,1.011205943,1.052689095,,
0.470003629,7000,4,0.993644105,1.045302528,,
0.470003629,10000,4,1.0005287,1.007586036,,
0.470003629,50000,4,1.010246847,1.000351077,,
0.470003629,100000,4,1.014293913,1.014860855,,
0.470003629,100,5,1.175981674,1.45625324,,
0.470003629,200,5,1.078946749,1.376249089,,
0.470003629,300,5,1.14392189,1.323963463,,
0.470003629,500,5,1.101275641,1.200668741,,
0.470003629,700,5,1.096300529,1.196449869,,
0.470003629,1000,5,1.045285656,1.177782383,,
0.470003629,2000,5,0.999142501,1.120702733,,
0.470003629,3000,5,1.074399425,1.098896687,,
0.470003629,5000,5,1.025013245,1.073606885,,
0.470003629,7000,5,1.001777866,1.051205195,,
0.470003629,10000,5,1.005987634,1.026702847,,
0.470003629,50000,5,1.011248203,1.027508904,,
0.470003629,100000,5,1.017778693,1.030420823,,
0.470003629,100,6,1.270331807,1.612080438,,
0.470003629,200,6,1.149314098,1.487443321,,
0.470003629,300,6,1.196627309,1.413423203,,
0.470003629,500,6,1.14631195,1.277795427,,
0.470003629,700,6,1.134391724,1.261400693,,
0.470003629,1000,6,1.085250402,1.22286408,,
0.470003629,2000,6,1.015970419,1.166454949,,
0.470003629,3000,6,1.091696908,1.134754444,,
0.470003629,5000,6,1.034455885,1.102207001,,
0.470003629,7000,6,1.013733907,1.065270189,,
0.470003629,10000,6,1.014319648,1.040160808,,
0.470003629,50000,6,1.013678701,1.034550614,,
0.470003629,100000,6,1.027482059,1.034206786,,
0.470003629,100,7,1.368855721,1.812133274,,
0.470003629,200,7,1.228090306,1.629516708,,
0.470003629,300,7,1.261658165,1.527658114,,
0.470003629,500,7,1.198922873,1.365869983,,
0.470003629,700,7,1.180869153,1.328546749,,
0.470003629,1000,7,1.131704954,1.285269866,,
0.470003629,2000,7,1.045408736,1.203519164,,
0.470003629,3000,7,1.105110364,1.174946574,,
0.470003629,5000,7,1.059805208,1.125988818,,
0.470003629,7000,7,1.024860493,1.083210435,,
0.470003629,10000,7,1.025121377,1.052334375,,
0.470003629,50000,7,1.019140905,1.045507392,,
0.470003629,100000,7,1.039976953,1.04880913,,
0.587786665,100,1,0.895391814,1.062504494,,
0.587786665,200,1,0.934084621,1.037998411,,
0.587786665,300,1,0.960728474,1.046082465,,
0.587786665,500,1,0.97376173,1.016289811,,
0.587786665,700,1,0.970493325,1.0369538,,
0.587786665,1000,1,0.988379638,1.023827555,,
0.587786665,2000,1,1.006953197,1.021295183,,
0.587786665,3000,1,0.991055828,0.993107386,,
0.587786665,5000,1,1.000649473,0.993505399,,
0.587786665,7000,1,0.978618392,1.01588365,,
0.587786665,10000,1,0.999804717,1.013921368,,
0.587786665,50000,1,1.012270763,1.00329966,,
0.587786665,100000,1,0.983531145,0.992205938,,
0.587786665,100,2,0.932767721,1.17030078,,
0.587786665,200,2,0.970931765,1.141017137,,
0.587786665,300,2,0.979236037,1.124337282,,
0.587786665,500,2,0.990180964,1.062624463,,
0.587786665,700,2,0.96842056,1.078183274,,
0.587786665,1000,2,1.012989263,1.0492723,,
0.587786665,2000,2,0.991323288,1.051708694,,
0.587786665,3000,2,0.995229916,0.986487059,,
0.587786665,5000,2,1.012050376,1.005180735,,
0.587786665,7000,2,0.983156684,1.033880287,,
0.587786665,10000,2,0.988528592,1.016132445,,
0.587786665,50000,2,1.008026425,0.999877365,,
0.587786665,100000,2,0.957953187,0.995464003,,
0.587786665,100,3,0.981090433,1.321214814,,
0.587786665,200,3,1.01322414,1.214622734,,
0.587786665,300,3,1.036858731,1.214296704,,
0.587786665,500,3,1.030690586,1.122157344,,
0.587786665,700,3,0.99748142,1.154038146,,
0.587786665,1000,3,1.039504659,1.093204791,,
0.587786665,2000,3,0.998958048,1.083345538,,
0.587786665,3000,3,1.034717454,1.02550019,,
0.587786665,5000,3,1.013494639,1.023101357,,
0.587786665,7000,3,0.99661083,1.047657405,,
0.587786665,10000,3,0.977621868,1.009668887,,
0.587786665,50000,3,0.986789604,1.015770979,,
0.587786665,100000,3,0.959086286,0.999539589,,
0.587786665,100,4,1.06300504,1.461205586,,
0.587786665,200,4,1.074181384,1.331257171,,
0.587786665,300,4,1.096793194,1.318309185,,
0.587786665,500,4,1.079841686,1.221535892,,
0.587786665,700,4,1.038507172,1.216959352,,
0.587786665,1000,4,1.066330067,1.134368597,,
0.587786665,2000,4,1.029849534,1.109618462,,
0.587786665,3000,4,1.073716547,1.053702988,,
0.587786665,5000,4,1.015767757,1.066171569,,
0.587786665,7000,4,1.012221158,1.082958789,,
0.587786665,10000,4,0.990176552,1.034551255,,
0.587786665,50000,4,1.004085105,0.998909745,,
0.587786665,100000,4,0.964078256,1.010999852,,
0.587786665,100,5,1.169445645,1.687708375,,
0.587786665,200,5,1.164029779,1.491712651,,
0.587786665,300,5,1.150213808,1.453513557,,
0.587786665,500,5,1.137278991,1.315053246,,
0.587786665,700,5,1.0851484,1.288076973,,
0.587786665,1000,5,1.103137475,1.208744566,,
0.587786665,2000,5,1.065390264,1.141363138,,
0.587786665,3000,5,1.109506071,1.109755137,,
0.587786665,5000,5,1.033203633,1.093203253,,
0.587786665,7000,5,1.024153503,1.104781343,,
0.587786665,10000,5,1.013190533,1.050400771,,
0.587786665,50000,5,1.030736531,1.004935111,,
0.587786665,100000,5,0.956688937,1.023885397,,
0.587786665,100,6,1.285523961,1.965312902,,
0.587786665,200,6,1.257388355,1.659429076,,
0.587786665,300,6,1.216013955,1.610588017,,
0.587786665,500,6,1.20213542,1.453456829,,
0.587786665,700,6,1.149761011,1.377069291,,
0.587786665,1000,6,1.151333819,1.299311322,,
0.587786665,2000,6,1.095878925,1.205078439,,
0.587786665,3000,6,1.139554747,1.165055946,,
0.587786665,5000,6,1.051453509,1.129036254,,
0.587786665,7000,6,1.04381916,1.126653349,,
0.587786665,10000,6,1.048175967,1.081487099,,
0.587786665,50000,6,1.037859376,1.01608374,,
0.587786665,100000,6,0.95376347,1.024367225,,
0.587786665,100,7,1.414061516,2.274317829,,
0.587786665,200,7,1.364782904,1.877515941,,
0.587786665,300,7,1.312071245,1.769371727,,
0.587786665,500,7,1.290338763,1.588531595,,
0.587786665,700,7,1.222344459,1.472193296,,
0.587786665,1000,7,1.218197327,1.387048509,,
0.587786665,2000,7,1.13395885,1.28259309,,
0.587786665,3000,7,1.17272766,1.224398777,,
0.587786665,5000,7,1.090019813,1.173625079,,
0.587786665,7000,7,1.064723273,1.161641106,,
0.587786665,10000,7,1.072023657,1.108033925,,
0.587786665,50000,7,1.03956201,1.023402374,,
0.587786665,100000,7,0.9612875,1.030503326,,
0.693147181,100,1,0.936802875,1.066417032,,
0.693147181,200,1,0.907453795,1.021732632,,
0.693147181,300,1,0.969135356,1.053144358,,
0.693147181,500,1,0.965061718,1.027663174,,
0.693147181,700,1,0.984662441,1.026067714,,
0.693147181,1000,1,1.003690189,1.033903159,,
0.693147181,2000,1,0.963330515,1.04271796,,
0.693147181,3000,1,0.975942488,1.064722005,,
0.693147181,5000,1,0.95723098,1.01643573,,
0.693147181,7000,1,0.991915148,0.994737943,,
0.693147181,10000,1,0.977959954,1.036117146,,
0.693147181,50000,1,1.02753687,0.962786431,,
0.693147181,100000,1,0.988627893,0.996645219,,
0.693147181,100,2,0.982215363,1.220478295,,
0.693147181,200,2,0.952715046,1.142188547,,
0.693147181,300,2,1.0236783,1.151530528,,
0.693147181,500,2,0.983774723,1.092040763,,
0.693147181,700,2,0.984012686,1.061209691,,
0.693147181,1000,2,1.010822024,1.10943077,,
0.693147181,2000,2,0.989708517,1.069718679,,
0.693147181,3000,2,1.003519029,1.097912108,,
0.693147181,5000,2,0.983111999,1.001180294,,
0.693147181,7000,2,0.985031427,1.017487378,,
0.693147181,10000,2,0.974242253,1.057919129,,
0.693147181,50000,2,1.025638424,0.984290602,,
0.693147181,100000,2,0.994990434,0.996455884,,
0.693147181,100,3,1.055690528,1.474328834,,
0.693147181,200,3,0.990856235,1.251531621,,
0.693147181,300,3,1.065427823,1.28729743,,
0.693147181,500,3,1.035024206,1.171581297,,
0.693147181,700,3,1.009530088,1.125573315,,
0.693147181,1000,3,1.052223161,1.178241447,,
0.693147181,2000,3,1.017179242,1.098005389,,
0.693147181,3000,3,1.011176474,1.124869019,,
0.693147181,5000,3,1.013921666,1.042580157,,
0.693147181,7000,3,0.988929103,1.038330213,,
0.693147181,10000,3,0.985330733,1.073299477,,
0.693147181,50000,3,1.010679595,0.98196504,,
0.693147181,100000,3,0.998082348,1.00998307,,
0.693147181,100,4,1.159292813,1.753607356,,
0.693147181,200,4,1.059843992,1.439990479,,
0.693147181,300,4,1.134717426,1.414515744,,
0.693147181,500,4,1.089439619,1.292783963,,
0.693147181,700,4,1.063928702,1.205450356,,
0.693147181,1000,4,1.070918749,1.261320903,,
0.693147181,2000,4,1.050426829,1.145925747,,
0.693147181,3000,4,1.033490513,1.155158335,,
0.693147181,5000,4,1.026053463,1.082214532,,
0.693147181,7000,4,1.016912746,1.080677053,,
0.693147181,10000,4,1.003471909,1.079694338,,
0.693147181,50000,4,1.021696127,0.995948219,,
0.693147181,100000,4,1.008033621,1.021931483,,
0.693147181,100,5,1.273563096,2.075965019,,
0.693147181,200,5,1.165171238,1.636711087,,
0.693147181,300,5,1.227320236,1.561249227,,
0.693147181,500,5,1.154108022,1.429099714,,
0.693147181,700,5,1.143034013,1.320501935,,
0.693147181,1000,5,1.117257416,1.35021045,,
0.693147181,2000,5,1.102980411,1.197257835,,
0.693147181,3000,5,1.076249977,1.200435283,,
0.693147181,5000,5,1.061622675,1.11401066,,
0.693147181,7000,5,1.053180742,1.113788719,,
0.693147181,10000,5,1.02856247,1.093890844,,
0.693147181,50000,5,1.034961322,1.011196741,,
0.693147181,100000,5,1.015440553,1.035564807,,
0.693147181,100,6,1.41131813,2.47648119,,
0.693147181,200,6,1.284032549,1.907633565,,
0.693147181,300,6,1.33767293,1.759269418,,
0.693147181,500,6,1.245815551,1.602656042,,
0.693147181,700,6,1.220139148,1.450196963,,
0.693147181,1000,6,1.179931164,1.456683723,,
0.693147181,2000,6,1.152416505,1.290897175,,
0.693147181,3000,6,1.131152178,1.251155567,,
0.693147181,5000,6,1.089746474,1.14658991,,
0.693147181,7000,6,1.086087251,1.154193753,,
0.693147181,10000,6,1.058937544,1.123738412,,
0.693147181,50000,6,1.043903577,1.032567641,,
0.693147181,100000,6,1.020642421,1.039560079,,
0.693147181,100,7,1.564465865,2.935043624,,
0.693147181,200,7,1.4155491,2.20327931,,
0.693147181,300,7,1.455002131,1.980203431,,
0.693147181,500,7,1.341871129,1.796166476,,
0.693147181,700,7,1.317126954,1.600710308,,
0.693147181,1000,7,1.257657442,1.586273677,,
0.693147181,2000,7,1.21858446,1.37346713,,
0.693147181,3000,7,1.185953529,1.330900178,,
0.693147181,5000,7,1.13487831,1.213080977,,
0.693147181,7000,7,1.136895911,1.203592518,,
0.693147181,10000,7,1.085135366,1.164090296,,
0.693147181,50000,7,1.046959577,1.05422097,,
0.693147181,100000,7,1.026022874,1.040701698,,
0.78845736,100,1,0.902037218,1.080168629,,
0.78845736,200,1,0.92372447,1.084021666,,
0.78845736,300,1,0.952676956,1.043993422,,
0.78845736,500,1,0.941577336,1.049823957,,
0.78845736,700,1,0.983722111,1.022547758,,
0.78845736,1000,1,0.978892928,1.000072591,,
0.78845736,2000,1,0.955022561,1.006314768,,
0.78845736,3000,1,0.956375001,1.028417483,,
0.78845736,5000,1,0.977787468,1.010983141,,
0.78845736,7000,1,0.968471226,1.014499098,,
0.78845736,10000,1,0.996255134,0.994566277,,
0.78845736,50000,1,1.004141665,1.007849707,,
0.78845736,100000,1,0.980273409,1.036696881,,
0.78845736,100,2,0.96033092,1.248775645,,
0.78845736,200,2,0.975181885,1.190108302,,
0.78845736,300,2,0.98303773,1.171763124,,
0.78845736,500,2,1.014476354,1.109817906,,
0.78845736,700,2,1.007342793,1.076402637,,
0.78845736,1000,2,1.008064027,1.06310331,,
0.78845736,2000,2,0.994770193,1.051677978,,
0.78845736,3000,2,0.997749778,1.050067051,,
0.78845736,5000,2,0.979966533,1.02010025,,
0.78845736,7000,2,0.983127509,1.020916783,,
0.78845736,10000,2,1.002816437,1.026900457,,
0.78845736,50000,2,0.980937619,1.02441756,,
0.78845736,100000,2,0.980853899,1.037918535,,
0.78845736,100,3,1.049124984,1.529249158,,
0.78845736,200,3,1.052993674,1.382548523,,
0.78845736,300,3,1.036279919,1.330763661,,
0.78845736,500,3,1.058483203,1.201149327,,
0.78845736,700,3,1.039977053,1.166872799,,
0.78845736,1000,3,1.035151644,1.166171027,,
0.78845736,2000,3,1.021027053,1.095533254,,
0.78845736,3000,3,1.023208555,1.084564884,,
0.78845736,5000,3,0.977069555,1.066414678,,
0.78845736,7000,3,0.992562891,1.05737704,,
0.78845736,10000,3,1.015259596,1.055536194,,
0.78845736,50000,3,0.983868642,1.016751564,,
0.78845736,100000,3,0.986661854,1.040067976,,
0.78845736,100,4,1.158132029,1.862142393,,
0.78845736,200,4,1.151057793,1.594633742,,
0.78845736,300,4,1.116000205,1.506644353,,
0.78845736,500,4,1.126694121,1.344283057,,
0.78845736,700,4,1.101036215,1.292875535,,
0.78845736,1000,4,1.090414441,1.287672409,,
0.78845736,2000,4,1.059005179,1.16371292,,
0.78845736,3000,4,1.06342997,1.144056725,,
0.78845736,5000,4,0.991123927,1.122519575,,
0.78845736,7000,4,1.012543602,1.099312016,,
0.78845736,10000,4,1.033777993,1.094817475,,
0.78845736,50000,4,0.972474897,1.03245216,,
0.78845736,100000,4,0.989407539,1.040096797,,
0.78845736,100,5,1.299954803,2.293841917,,
0.78845736,200,5,1.266229076,1.867700048,,
0.78845736,300,5,1.228655246,1.736129177,,
0.78845736,500,5,1.21607768,1.512637197,,
0.78845736,700,5,1.179288934,1.431195111,,
0.78845736,1000,5,1.159717799,1.410312806,,
0.78845736,2000,5,1.118837907,1.247552977,,
0.78845736,3000,5,1.111257024,1.212887763,,
0.78845736,5000,5,1.034677122,1.180705604,,
0.78845736,7000,5,1.050715428,1.147191583,,
0.78845736,10000,5,1.058630611,1.129260101,,
0.78845736,50000,5,0.986189906,1.047973888,,
0.78845736,100000,5,0.994783303,1.064209865,,
0.78845736,100,6,1.456102394,2.795296627,,
0.78845736,200,6,1.410902834,2.214404415,,
0.78845736,300,6,1.348689565,2.003546962,,
0.78845736,500,6,1.323199469,1.711159161,,
0.78845736,700,6,1.273910799,1.590258543,,
0.78845736,1000,6,1.245541297,1.558334553,,
0.78845736,2000,6,1.19160605,1.340262318,,
0.78845736,3000,6,1.177492404,1.313129855,,
0.78845736,5000,6,1.076829077,1.236980925,,
0.78845736,7000,6,1.085001787,1.199380326,,
0.78845736,10000,6,1.086684616,1.174408113,,
0.78845736,50000,6,1.002810658,1.068085912,,
0.78845736,100000,6,1.002157331,1.066939765,,
0.78845736,100,7,1.619186721,3.399256287,,
0.78845736,200,7,1.56374037,2.604604431,,
0.78845736,300,7,1.478463047,2.314102537,,
0.78845736,500,7,1.440039473,1.92993783,,
0.78845736,700,7,1.386594802,1.778286012,,
0.78845736,1000,7,1.342807468,1.727413545,,
0.78845736,2000,7,1.266156479,1.457021434,,
0.78845736,3000,7,1.251441172,1.421066632,,
0.78845736,5000,7,1.126223635,1.312466769,,
0.78845736,7000,7,1.134904518,1.270011901,,
0.78845736,10000,7,1.123782223,1.220898351,,
0.78845736,50000,7,1.016491295,1.101618858,,
0.78845736,100000,7,1.019378343,1.080918329,,
0.916290732,100,1,0.906519264,1.141249326,,
0.916290732,200,1,0.922052606,1.096400101,,
0.916290732,300,1,0.92521726,1.082416391,,
0.916290732,500,1,0.946110763,1.06243879,,
0.916290732,700,1,0.998172414,1.084499147,,
0.916290732,1000,1,0.950898659,1.050487212,,
0.916290732,2000,1,0.976020863,1.020473668,,
0.916290732,3000,1,0.942538881,0.98652827,,
0.916290732,5000,1,0.957337932,1.027326015,,
0.916290732,7000,1,0.939386435,1.002422496,,
0.916290732,10000,1,1.020336448,0.993106002,,
0.916290732,50000,1,0.990314739,0.99497056,,
0.916290732,100000,1,0.988074719,0.98185743,,
0.916290732,100,2,0.963421057,1.434447634,,
0.916290732,200,2,0.967146514,1.278406152,,
0.916290732,300,2,0.967037278,1.177026819,,
0.916290732,500,2,0.965128894,1.145838404,,
0.916290732,700,2,1.007066995,1.167788664,,
0.916290732,1000,2,0.966905084,1.120221927,,
0.916290732,2000,2,1.003409252,1.07897919,,
0.916290732,3000,2,0.958192886,1.021405276,,
0.916290732,5000,2,0.990725363,1.051140242,,
0.916290732,7000,2,0.979412834,1.04323869,,
0.916290732,10000,2,1.023943977,0.990767761,,
0.916290732,50000,2,1.02111459,0.992729362,,
0.916290732,100000,2,0.975512746,1.002216208,,
0.916290732,100,3,1.056658829,1.81044085,,
0.916290732,200,3,1.030795953,1.510474527,,
0.916290732,300,3,1.061857869,1.336204721,,
0.916290732,500,3,1.007319337,1.31574443,,
0.916290732,700,3,1.055603477,1.272045411,,
0.916290732,1000,3,1.009175236,1.212225159,,
0.916290732,2000,3,1.045505176,1.13702292,,
0.916290732,3000,3,1.001600575,1.096700952,,
0.916290732,5000,3,1.023726524,1.109801657,,
0.916290732,7000,3,1.011537879,1.102072414,,
0.916290732,10000,3,1.064054703,1.02808764,,
0.916290732,50000,3,1.015964016,1.020357534,,
0.916290732,100000,3,0.992213136,1.020950338,,
0.916290732,100,4,1.200163375,2.319972001,,
0.916290732,200,4,1.133248265,1.838261279,,
0.916290732,300,4,1.17266176,1.566454666,,
0.916290732,500,4,1.095167642,1.505138185,,
0.916290732,700,4,1.142701957,1.440834061,,
0.916290732,1000,4,1.082739199,1.371367929,,
0.916290732,2000,4,1.092877974,1.221834295,,
0.916290732,3000,4,1.039437907,1.184618144,,
0.916290732,5000,4,1.055043602,1.181025948,,
0.916290732,7000,4,1.047551155,1.159628825,,
0.916290732,10000,4,1.074586201,1.067232699,,
0.916290732,50000,4,1.027687246,1.042944524,,
0.916290732,100000,4,1.013245017,1.039546732,,
0.916290732,100,5,1.36877291,2.962336905,,
0.916290732,200,5,1.275123854,2.276155789,,
0.916290732,300,5,1.305403791,1.835367069,,
0.916290732,500,5,1.187282515,1.722632911,,
0.916290732,700,5,1.24842185,1.648564341,,
0.916290732,1000,5,1.166703265,1.543365046,,
0.916290732,2000,5,1.169501225,1.338631393,,
0.916290732,3000,5,1.102427074,1.280811691,,
0.916290732,5000,5,1.103004115,1.261938595,,
0.916290732,7000,5,1.088295178,1.217670797,,
0.916290732,10000,5,1.106029465,1.136608562,,
0.916290732,50000,5,1.057334999,1.081630128,,
0.916290732,100000,5,1.033030801,1.03775687,,
0.916290732,100,6,1.543265962,3.757287067,,
0.916290732,200,6,1.436630276,2.79918444,,
0.916290732,300,6,1.455517209,2.208849413,,
0.916290732,500,6,1.3022347,2.013273484,,
0.916290732,700,6,1.365902768,1.893482554,,
0.916290732,1000,6,1.259830818,1.742195421,,
0.916290732,2000,6,1.255610486,1.476209769,,
0.916290732,3000,6,1.164820256,1.385866522,,
0.916290732,5000,6,1.161391336,1.35202492,,
0.916290732,7000,6,1.145492061,1.284320943,,
0.916290732,10000,6,1.152807656,1.198438712,,
0.916290732,50000,6,1.096910499,1.111161127,,
0.916290732,100000,6,1.050549832,1.070509898,,
0.916290732,100,7,1.73449774,4.817430713,,
0.916290732,200,7,1.608453356,3.359566927,,
0.916290732,300,7,1.61643613,2.617820317,,
0.916290732,500,7,1.442353995,2.333581763,,
0.916290732,700,7,1.502242546,2.145715177,,
0.916290732,1000,7,1.377657579,1.961987077,,
0.916290732,2000,7,1.351301067,1.634064073,,
0.916290732,3000,7,1.25739755,1.498374226,,
0.916290732,5000,7,1.222006399,1.450646364,,
0.916290732,7000,7,1.207378111,1.359603758,,
0.916290732,10000,7,1.205017486,1.268501825,,
0.916290732,50000,7,1.125847308,1.143272802,,
0.916290732,100000,7,1.074779717,1.089188574,,
0.993251773,100,1,0.879404001,1.138951799,,
0.993251773,200,1,0.907576111,1.09389952,,
0.993251773,300,1,0.9384936,1.045766211,,
0.993251773,500,1,0.947968554,1.058480856,,
0.993251773,700,1,0.946097508,1.004113324,,
0.993251773,1000,1,0.979617737,1.044095677,,
0.993251773,2000,1,0.984731504,1.043389739,,
0.993251773,3000,1,0.992144841,1.003728454,,
0.993251773,5000,1,0.98989394,1.022360657,,
0.993251773,7000,1,1.008597363,1.028033908,,
0.993251773,10000,1,1.023410447,1.005242386,,
0.993251773,50000,1,0.999613347,0.987047254,,
0.993251773,100000,1,0.970965775,0.994217875,,
0.993251773,100,2,0.948208957,1.460921559,,
0.993251773,200,2,0.945999784,1.30345584,,
0.993251773,300,2,0.992927358,1.217229549,,
0.993251773,500,2,0.99530784,1.186604086,,
0.993251773,700,2,0.965215843,1.114089707,,
0.993251773,1000,2,1.001986164,1.132519024,,
0.993251773,2000,2,1.009669629,1.109399036,,
0.993251773,3000,2,1.041464564,1.045241993,,
0.993251773,5000,2,0.99182616,1.077030846,,
0.993251773,7000,2,1.006935174,1.071660549,,
0.993251773,10000,2,1.038115782,1.056131119,,
0.993251773,50000,2,0.995536159,1.003645524,,
0.993251773,100000,2,0.987141596,0.992831745,,
0.993251773,100,3,1.061321181,1.888732194,,
0.993251773,200,3,1.04340504,1.602461308,,
0.993251773,300,3,1.066789587,1.492792864,,
0.993251773,500,3,1.063932562,1.342273539,,
0.993251773,700,3,1.048814061,1.282559379,,
0.993251773,1000,3,1.054543276,1.250503749,,
0.993251773,2000,3,1.040807483,1.181311748,,
0.993251773,3000,3,1.068651958,1.132884265,,
0.993251773,5000,3,1.012286634,1.117880046,,
0.993251773,7000,3,1.021012086,1.112183392,,
0.993251773,10000,3,1.035920502,1.107830175,,
0.993251773,50000,3,1.012851464,1.013796038,,
0.993251773,100000,3,1.0145717,0.988025605,,
0.993251773,100,4,1.21136789,2.509220062,,
0.993251773,200,4,1.168234265,2.000193301,,
0.993251773,300,4,1.19331333,1.792322259,,
0.993251773,500,4,1.166982787,1.561859957,,
0.993251773,700,4,1.145386791,1.466045489,,
0.993251773,1000,4,1.133589601,1.428145594,,
0.993251773,2000,4,1.087173254,1.28133232,,
0.993251773,3000,4,1.120848429,1.222165274,,
0.993251773,5000,4,1.054439501,1.18118631,,
0.993251773,7000,4,1.054386855,1.154786301,,
0.993251773,10000,4,1.067449897,1.151513278,,
0.993251773,50000,4,1.021452916,1.036553648,,
0.993251773,100000,4,1.022557013,1.001293477,,
0.993251773,100,5,1.380242088,3.2592606,,
0.993251773,200,5,1.323334729,2.518962049,,
0.993251773,300,5,1.325646987,2.177679271,,
0.993251773,500,5,1.280856189,1.836996274,,
0.993251773,700,5,1.272167067,1.706255913,,
0.993251773,1000,5,1.236196514,1.609931306,,
0.993251773,2000,5,1.174728542,1.421968378,,
0.993251773,3000,5,1.183740357,1.326171988,,
0.993251773,5000,5,1.092461594,1.271612251,,
0.993251773,7000,5,1.093215403,1.217908479,,
0.993251773,10000,5,1.110479334,1.192232216,,
0.993251773,50000,5,1.024453849,1.064998603,,
0.993251773,100000,5,1.039025354,1.018614713,,
0.993251773,100,6,1.566789507,4.243794017,,
0.993251773,200,6,1.486026154,3.163822942,,
0.993251773,300,6,1.471827295,2.652365626,,
0.993251773,500,6,1.406810409,2.171588141,,
0.993251773,700,6,1.397046256,1.979793524,,
0.993251773,1000,6,1.362506751,1.833122603,,
0.993251773,2000,6,1.264189027,1.577557368,,
0.993251773,3000,6,1.256824236,1.45245651,,
0.993251773,5000,6,1.159824464,1.381966119,,
0.993251773,7000,6,1.15842795,1.304459883,,
0.993251773,10000,6,1.155771553,1.267569788,,
0.993251773,50000,6,1.050516272,1.100952878,,
0.993251773,100000,6,1.059805865,1.038347851,,
0.993251773,100,7,1.747119438,5.451968957,,
0.993251773,200,7,1.664487078,3.881717643,,
0.993251773,300,7,1.630263512,3.208125569,,
0.993251773,500,7,1.554378494,2.571022396,,
0.993251773,700,7,1.533565876,2.30362702,,
0.993251773,1000,7,1.486193848,2.079775616,,
0.993251773,2000,7,1.363138985,1.750600767,,
0.993251773,3000,7,1.348063802,1.608614399,,
0.993251773,5000,7,1.238014134,1.5114655,,
0.993251773,7000,7,1.220559261,1.392436566,,
0.993251773,10000,7,1.219176129,1.3426647,,
0.993251773,50000,7,1.076285914,1.134311853,,
0.993251773,100000,7,1.077579945,1.066744039,,
1.098612289,100,1,0.865402574,1.137581544,,
1.098612289,200,1,0.886103872,1.116461075,,
1.098612289,300,1,0.904972013,1.081467808,,
1.098612289,500,1,0.931175283,1.087760639,,
1.098612289,700,1,0.949086229,1.020927031,,
1.098612289,1000,1,0.961548145,1.068296791,,
1.098612289,2000,1,0.99216242,1.030783776,,
1.098612289,3000,1,0.969224465,1.036265506,,
1.098612289,5000,1,0.978103335,0.992398486,,
1.098612289,7000,1,0.99972306,1.031876033,,
1.098612289,10000,1,0.9751418,1.004635099,,
1.098612289,50000,1,1.007225532,1.011864209,,
1.098612289,100000,1,1.007543306,1.016844727,,
1.098612289,100,2,0.923575328,1.49848521,,
1.098612289,200,2,0.953557738,1.385938718,,
1.098612289,300,2,0.943812777,1.278032376,,
1.098612289,500,2,0.970061283,1.206207889,,
1.098612289,700,2,0.983628848,1.186999072,,
1.098612289,1000,2,0.978858304,1.164881116,,
1.098612289,2000,2,1.000142159,1.117552948,,
1.098612289,3000,2,0.967018941,1.087634643,,
1.098612289,5000,2,0.998164755,1.058522119,,
1.098612289,7000,2,0.996052126,1.043918864,,
1.098612289,10000,2,1.004663592,1.038015564,,
1.098612289,50000,2,0.999332735,1.037596249,,
1.098612289,100000,2,0.994514637,1.040226458,,
1.098612289,100,3,1.04214579,2.034716709,,
1.098612289,200,3,1.052458291,1.727404645,,
1.098612289,300,3,1.049575098,1.536975487,,
1.098612289,500,3,1.058179043,1.426188826,,
1.098612289,700,3,1.054119333,1.364396381,,
1.098612289,1000,3,1.042647738,1.276373994,,
1.098612289,2000,3,1.043470078,1.196386581,,
1.098612289,3000,3,1.00900107,1.155744739,,
1.098612289,5000,3,1.014163073,1.124092827,,
1.098612289,7000,3,1.027130152,1.095545021,,
1.098612289,10000,3,1.040341462,1.096639632,,
1.098612289,50000,3,0.984782172,1.060448815,,
1.098612289,100000,3,1.002766753,1.045289845,,
1.098612289,100,4,1.198750473,2.737829029,,
1.098612289,200,4,1.198618187,2.219572377,,
1.098612289,300,4,1.181994716,1.948306251,,
1.098612289,500,4,1.176372948,1.727801153,,
1.098612289,700,4,1.154846081,1.609367519,,
1.098612289,1000,4,1.155259333,1.476861132,,
1.098612289,2000,4,1.122345059,1.313239467,,
1.098612289,3000,4,1.05945648,1.249174531,,
1.098612289,5000,4,1.066748067,1.203871979,,
1.098612289,7000,4,1.070050328,1.158375901,,
1.098612289,10000,4,1.078379,1.152116926,,
1.098612289,50000,4,1.005475576,1.093538211,,
1.098612289,100000,4,1.01215501,1.060694014,,
1.098612289,100,5,1.377350332,3.767760333,,
1.098612289,200,5,1.365522465,2.826480193,,
1.098612289,300,5,1.326049024,2.417521116,,
1.098612289,500,5,1.322136228,2.071001523,,
1.098612289,700,5,1.279805541,1.918936018,,
1.098612289,1000,5,1.260310613,1.677840824,,
1.098612289,2000,5,1.209661405,1.473706338,,
1.098612289,3000,5,1.137449534,1.367590347,,
1.098612289,5000,5,1.145752728,1.324680895,,
1.098612289,7000,5,1.118679229,1.239169645,,
1.098612289,10000,5,1.124658821,1.219250822,,
1.098612289,50000,5,1.022168302,1.12308988,,
1.098612289,100000,5,1.023643714,1.087126042,,
1.098612289,100,6,1.565041482,5.138048309,,
1.098612289,200,6,1.540167056,3.563370017,,
1.098612289,300,6,1.511403126,2.960154536,,
1.098612289,500,6,1.471098926,2.508807827,,
1.098612289,700,6,1.425438772,2.270302071,,
1.098612289,1000,6,1.390507689,1.954063445,,
1.098612289,2000,6,1.309226073,1.667455409,,
1.098612289,3000,6,1.239187247,1.525155185,,
1.098612289,5000,6,1.225110263,1.447672943,,
1.098612289,7000,6,1.187577329,1.337661019,,
1.098612289,10000,6,1.186779981,1.314786831,,
1.098612289,50000,6,1.046374779,1.157251139,,
1.098612289,100000,6,1.038523316,1.109538851,,
1.098612289,100,7,1.763637209,6.826178991,,
1.098612289,200,7,1.72541004,4.489334505,,
1.098612289,300,7,1.688659081,3.664980168,,
1.098612289,500,7,1.641385397,3.001683714,,
1.098612289,700,7,1.585465186,2.692266318,,
1.098612289,1000,7,1.534262281,2.240661541,,
1.098612289,2000,7,1.42435806,1.878242901,,
1.098612289,3000,7,1.344821291,1.712161303,,
1.098612289,5000,7,1.318154937,1.59820582,,
1.098612289,7000,7,1.259979758,1.460369123,,
1.098612289,10000,7,1.24692514,1.419559969,,
1.098612289,50000,7,1.079958235,1.202706922,,
1.098612289,100000,7,1.059500247,1.140795409,,
1.193922468,100,1,0.822496856,1.166775117,,
1.193922468,200,1,0.8856269,1.111324436,,
1.193922468,300,1,0.906230039,1.087597288,,
1.193922468,500,1,0.90956866,1.102638229,,
1.193922468,700,1,0.912629768,1.077701967,,
1.193922468,1000,1,0.955767137,1.057626498,,
1.193922468,2000,1,0.974578064,1.048425432,,
1.193922468,3000,1,0.972224185,1.016507404,,
1.193922468,5000,1,0.99123128,1.02972503,,
1.193922468,7000,1,0.973360758,1.012756384,,
1.193922468,10000,1,0.973912849,1.019645835,,
1.193922468,50000,1,1.014135884,1.028541987,,
1.193922468,100000,1,1.007770923,1.022469498,,
1.193922468,100,2,0.907934258,1.588523266,,
1.193922468,200,2,0.94616631,1.440862525,,
1.193922468,300,2,0.948511565,1.247552383,,
1.193922468,500,2,0.968501848,1.236829848,,
1.193922468,700,2,0.970912033,1.194559999,,
1.193922468,1000,2,0.969874997,1.156542915,,
1.193922468,2000,2,0.999817002,1.11276388,,
1.193922468,3000,2,0.980621518,1.081104285,,
1.193922468,5000,2,0.956356636,1.067605925,,
1.193922468,7000,2,0.983217895,1.062535078,,
1.193922468,10000,2,1.008425971,1.077318974,,
1.193922468,50000,2,0.965688919,1.042156118,,
1.193922468,100000,2,0.983096429,1.018217383,,
1.193922468,100,3,1.054062213,2.172626311,,
1.193922468,200,3,1.066423634,1.867353487,,
1.193922468,300,3,1.045287627,1.556334751,,
1.193922468,500,3,1.040301709,1.453230846,,
1.193922468,700,3,1.050910448,1.398459125,,
1.193922468,1000,3,1.047878243,1.315570189,,
1.193922468,2000,3,1.066880323,1.20568651,,
1.193922468,3000,3,1.028327222,1.180140673,,
1.193922468,5000,3,0.983022699,1.144027914,,
1.193922468,7000,3,1.026683985,1.123924982,,
1.193922468,10000,3,1.040956032,1.123861498,,
1.193922468,50000,3,0.984932212,1.070516448,,
1.193922468,100000,3,1.001759749,1.035199995,,
1.193922468,100,4,1.239073812,3.093130032,,
1.193922468,200,4,1.206324231,2.463305967,,
1.193922468,300,4,1.180442917,1.99524347,,
1.193922468,500,4,1.174782351,1.754772687,,
1.193922468,700,4,1.161551702,1.683807135,,
1.193922468,1000,4,1.140814529,1.54565698,,
1.193922468,2000,4,1.149268586,1.364306675,,
1.193922468,3000,4,1.079151414,1.311359201,,
1.193922468,5000,4,1.037286978,1.248183887,,
1.193922468,7000,4,1.078794262,1.192388627,,
1.193922468,10000,4,1.089188181,1.203739776,,
1.193922468,50000,4,1.015294593,1.11310595,,
1.193922468,100000,4,1.030252479,1.062319679,,
1.193922468,100,5,1.425910717,4.411869683,,
1.193922468,200,5,1.376364533,3.235886232,,
1.193922468,300,5,1.346452622,2.536662366,,
1.193922468,500,5,1.320751924,2.125637279,,
1.193922468,700,5,1.302317912,2.02728689,,
1.193922468,1000,5,1.26353145,1.818857526,,
1.193922468,2000,5,1.25364635,1.575204256,,
1.193922468,3000,5,1.156539994,1.464106437,,
1.193922468,5000,5,1.10328763,1.357089297,,
1.193922468,7000,5,1.14699474,1.299841334,,
1.193922468,10000,5,1.134321862,1.281716201,,
1.193922468,50000,5,1.046267081,1.148901392,,
1.193922468,100000,5,1.04617347,1.086051366,,
1.193922468,100,6,1.622565402,6.156300697,,
1.193922468,200,6,1.55715611,4.216214054,,
1.193922468,300,6,1.521697464,3.201710361,,
1.193922468,500,6,1.484559396,2.585688356,,
1.193922468,700,6,1.458779655,2.450879824,,
1.193922468,1000,6,1.397499135,2.148115706,,
1.193922468,2000,6,1.377139766,1.800654017,,
1.193922468,3000,6,1.260887426,1.641279113,,
1.193922468,5000,6,1.193844219,1.503801691,,
1.193922468,7000,6,1.229105614,1.403553061,,
1.193922468,10000,6,1.202947024,1.382007204,,
1.193922468,50000,6,1.087367633,1.185300339,,
1.193922468,100000,6,1.068081788,1.116415567,,
1.193922468,100,7,1.812049531,8.484074761,,
1.193922468,200,7,1.749445985,5.460650079,,
1.193922468,300,7,1.702588836,4.035986633,,
1.193922468,500,7,1.661510502,3.121239856,,
1.193922468,700,7,1.622045934,2.9363995,,
1.193922468,1000,7,1.553160367,2.5297368,,
1.193922468,2000,7,1.511875511,2.06451298,,
1.193922468,3000,7,1.3696298,1.860817385,,
1.193922468,5000,7,1.298105038,1.677818962,,
1.193922468,7000,7,1.314923962,1.536899441,,
1.193922468,10000,7,1.289314205,1.504275236,,
1.193922468,50000,7,1.125730402,1.248201838,,
1.193922468,100000,7,1.095657339,1.155449536,,
1.252762968,100,1,0.830681592,1.174572987,,
1.252762968,200,1,0.900666941,1.122234761,,
1.252762968,300,1,0.914040848,1.140799002,,
1.252762968,500,1,0.921194876,1.092836705,,
1.252762968,700,1,0.924226544,1.032787662,,
1.252762968,1000,1,0.95497358,1.063703471,,
1.252762968,2000,1,0.969538572,1.044102815,,
1.252762968,3000,1,0.951440407,1.013076798,,
1.252762968,5000,1,0.960155715,1.026330913,,
1.252762968,7000,1,0.976128791,1.033950188,,
1.252762968,10000,1,0.988135222,0.99414297,,
1.252762968,50000,1,0.978283288,1.021502482,,
1.252762968,100000,1,0.998026139,1.005721132,,
1.252762968,100,2,0.918853783,1.614381498,,
1.252762968,200,2,0.959596754,1.408409944,,
1.252762968,300,2,0.974353932,1.380122667,,
1.252762968,500,2,0.962189303,1.245111229,,
1.252762968,700,2,0.968100436,1.221983003,,
1.252762968,1000,2,0.974665321,1.184802605,,
1.252762968,2000,2,0.995465692,1.132540959,,
1.252762968,3000,2,0.974169976,1.093994718,,
1.252762968,5000,2,0.975940442,1.067367531,,
1.252762968,7000,2,0.987589794,1.077347129,,
1.252762968,10000,2,1.008989637,1.02024291,,
1.252762968,50000,2,0.993215091,1.029173018,,
1.252762968,100000,2,1.003709452,1.037520443,,
1.252762968,100,3,1.06063719,2.350272657,,
1.252762968,200,3,1.079634297,1.899398314,,
1.252762968,300,3,1.079192192,1.739471776,,
1.252762968,500,3,1.058410203,1.520990462,,
1.252762968,700,3,1.037797515,1.478750455,,
1.252762968,1000,3,1.053454872,1.341956973,,
1.252762968,2000,3,1.059720232,1.259939759,,
1.252762968,3000,3,1.037563989,1.205486124,,
1.252762968,5000,3,1.015189211,1.149206151,,
1.252762968,7000,3,1.016937163,1.136998707,,
1.252762968,10000,3,1.052213135,1.084864058,,
1.252762968,50000,3,1.001189621,1.054372821,,
1.252762968,100000,3,1.020582218,1.051786222,,
1.252762968,100,4,1.229833493,3.324994926,,
1.252762968,200,4,1.243333816,2.577186954,,
1.252762968,300,4,1.213707163,2.196758088,,
1.252762968,500,4,1.18589559,1.892165283,,
1.252762968,700,4,1.152238712,1.79258574,,
1.252762968,1000,4,1.160919379,1.587238627,,
1.252762968,2000,4,1.138489335,1.451840519,,
1.252762968,3000,4,1.119757783,1.338935967,,
1.252762968,5000,4,1.073024083,1.257629854,,
1.252762968,7000,4,1.066028104,1.22231486,,
1.252762968,10000,4,1.086359791,1.151601979,,
1.252762968,50000,4,1.025447229,1.08064521,,
1.252762968,100000,4,1.043283981,1.083740087,,
1.252762968,100,5,1.420845632,4.807574064,,
1.252762968,200,5,1.419964667,3.51082459,,
1.252762968,300,5,1.386977373,2.845017426,,
1.252762968,500,5,1.346147123,2.365590693,,
1.252762968,700,5,1.28318136,2.187314387,,
1.252762968,1000,5,1.290283667,1.884706799,,
1.252762968,2000,5,1.24664628,1.65514601,,
1.252762968,3000,5,1.21214884,1.515438732,,
1.252762968,5000,5,1.148387027,1.398986555,,
1.252762968,7000,5,1.128174505,1.344960482,,
1.252762968,10000,5,1.138581439,1.234599059,,
1.252762968,50000,5,1.0470332,1.117540026,,
1.252762968,100000,5,1.067657546,1.117724128,,
1.252762968,100,6,1.615124298,6.70617038,,
1.252762968,200,6,1.611366343,4.697826465,,
1.252762968,300,6,1.578776198,3.675766353,,
1.252762968,500,6,1.519717068,2.962425855,,
1.252762968,700,6,1.43973238,2.666464915,,
1.252762968,1000,6,1.445244377,2.250198275,,
1.252762968,2000,6,1.359667799,1.914968262,,
1.252762968,3000,6,1.317002647,1.723775671,,
1.252762968,5000,6,1.242175503,1.576495096,,
1.252762968,7000,6,1.202061969,1.484628236,,
1.252762968,10000,6,1.20507508,1.343137328,,
1.252762968,50000,6,1.082602462,1.163060522,,
1.252762968,100000,6,1.102593728,1.161333086,,
1.252762968,100,7,1.810300947,9.261915179,,
1.252762968,200,7,1.802693083,6.136435795,,
1.252762968,300,7,1.768273949,4.695486389,,
1.252762968,500,7,1.70124455,3.64291881,,
1.252762968,700,7,1.606410915,3.240037545,,
1.252762968,1000,7,1.603066248,2.675557865,,
1.252762968,2000,7,1.501390212,2.214879876,,
1.252762968,3000,7,1.440801284,1.963207913,,
1.252762968,5000,7,1.347671988,1.772695676,,
1.252762968,7000,7,1.294151771,1.635497208,,
1.252762968,10000,7,1.29273303,1.457101383,,
1.252762968,50000,7,1.126825703,1.224265731,,
1.252762968,100000,7,1.134277358,1.199872071,,
1.386294361,100,1,0.835121779,1.23135703,,
1.386294361,200,1,0.848358028,1.150801776,,
1.386294361,300,1,0.909795671,1.155893242,,
1.386294361,500,1,0.901558993,1.084477939,,
1.386294361,700,1,0.906509584,1.019294486,,
1.386294361,1000,1,0.939947816,1.10082693,,
1.386294361,2000,1,0.938563602,1.049851708,,
1.386294361,3000,1,0.939087081,1.037370274,,
1.386294361,5000,1,0.970330301,1.053414241,,
1.386294361,7000,1,0.960504846,1.011125003,,
1.386294361,10000,1,1.007825238,1.008315326,,
1.386294361,50000,1,1.015868205,1.04459429,,
1.386294361,100000,1,1.003579801,0.980594534,,
1.386294361,100,2,0.91133032,1.784803818,,
1.386294361,200,2,0.908142308,1.515312576,,
1.386294361,300,2,0.960703563,1.430818601,,
1.386294361,500,2,0.962083689,1.297833501,,
1.386294361,700,2,0.946598431,1.240072102,,
1.386294361,1000,2,0.979485007,1.243692297,,
1.386294361,2000,2,0.958543915,1.152311838,,
1.386294361,3000,2,0.976463719,1.113188884,,
1.386294361,5000,2,0.974599087,1.094282482,,
1.386294361,7000,2,1.003922357,1.059543293,,
1.386294361,10000,2,1.012897977,1.01292468,,
1.386294361,50000,2,1.009529189,1.053056728,,
1.386294361,100000,2,0.99876861,1.005747565,,
1.386294361,100,3,1.05639023,2.725902807,,
1.386294361,200,3,1.048079583,2.108436696,,
1.386294361,300,3,1.093324098,1.920191958,,
1.386294361,500,3,1.060059417,1.646164356,,
1.386294361,700,3,1.045544347,1.507830708,,
1.386294361,1000,3,1.082058395,1.482278066,,
1.386294361,2000,3,1.041310472,1.302398293,,
1.386294361,3000,3,1.04011956,1.233337098,,
1.386294361,5000,3,1.023343635,1.19007972,,
1.386294361,7000,3,1.050850242,1.162464281,,
1.386294361,10000,3,1.045910723,1.093175173,,
1.386294361,50000,3,1.022901008,1.086771396,,
1.386294361,100000,3,0.999680803,1.036841062,,
1.386294361,100,4,1.229154449,4.199078275,,
1.386294361,200,4,1.212296206,3.01647049,,
1.386294361,300,4,1.252482183,2.522318199,,
1.386294361,500,4,1.204544763,2.115814296,,
1.386294361,700,4,1.174698074,1.865102877,,
1.386294361,1000,4,1.205818372,1.804084728,,
1.386294361,2000,4,1.130989677,1.527096433,,
1.386294361,3000,4,1.14167897,1.410042036,,
1.386294361,5000,4,1.107538572,1.315150364,,
1.386294361,7000,4,1.108902212,1.276186571,,
1.386294361,10000,4,1.102532175,1.177690551,,
1.386294361,50000,4,1.048611778,1.11770835,,
1.386294361,100000,4,1.029505195,1.064376054,,
1.386294361,100,5,1.41925047,6.284979252,,
1.386294361,200,5,1.401138274,4.148913257,,
1.386294361,300,5,1.427379065,3.357632348,,
1.386294361,500,5,1.381912709,2.72525913,,
1.386294361,700,5,1.320192115,2.331773245,,
1.386294361,1000,5,1.360560342,2.224499703,,
1.386294361,2000,5,1.261497545,1.80065356,,
1.386294361,3000,5,1.252888713,1.619492965,,
1.386294361,5000,5,1.197463702,1.472097091,,
1.386294361,7000,5,1.189464622,1.417889023,,
1.386294361,10000,5,1.175747765,1.295141496,,
1.386294361,50000,5,1.08280493,1.170892527,,
1.386294361,100000,5,1.058399969,1.103433557,,
1.386294361,100,6,1.606262479,9.292011283,,
1.386294361,200,6,1.597823133,5.808418681,,
1.386294361,300,6,1.615950896,4.513495628,,
1.386294361,500,6,1.561641747,3.521550296,,
1.386294361,700,6,1.495314538,2.904506321,,
1.386294361,1000,6,1.5238168,2.722756499,,
1.386294361,2000,6,1.408618344,2.099912519,,
1.386294361,3000,6,1.383233735,1.875687676,,
1.386294361,5000,6,1.303498704,1.658474536,,
1.386294361,7000,6,1.282729234,1.582957861,,
1.386294361,10000,6,1.259693814,1.425588898,,
1.386294361,50000,6,1.12089525,1.241921964,,
1.386294361,100000,6,1.086747047,1.148666166,,
1.386294361,100,7,1.793469074,13.42920898,,
1.386294361,200,7,1.797639743,7.866269016,,
1.386294361,300,7,1.806518633,5.963801991,,
1.386294361,500,7,1.748228678,4.43050639,,
1.386294361,700,7,1.683018509,3.634383478,,
1.386294361,1000,7,1.697711486,3.314009751,,
1.386294361,2000,7,1.56945187,2.459525084,,
1.386294361,3000,7,1.523143773,2.169739994,,
1.386294361,5000,7,1.417497269,1.876384892,,
1.386294361,7000,7,1.395457121,1.778421514,,
1.386294361,10000,7,1.353876293,1.575964692,,
1.386294361,50000,7,1.173024707,1.313846488,,
1.386294361,100000,7,1.126567826,1.191404063,,
1.609437912,100,1,0.776038067,1.333146665,,
1.609437912,200,1,0.850823331,1.258234129,,
1.609437912,300,1,0.85702447,1.221541993,,
1.609437912,500,1,0.866651451,1.154687313,,
1.609437912,700,1,0.911173126,1.122458543,,
1.609437912,1000,1,0.912517922,1.092552914,,
1.609437912,2000,1,0.909751702,1.052158587,,
1.609437912,3000,1,0.930229163,1.039118215,,
1.609437912,5000,1,0.928703664,1.043826059,,
1.609437912,7000,1,0.980343287,1.023827488,,
1.609437912,10000,1,0.977858691,1.011825727,,
1.609437912,50000,1,0.987709708,1.034454537,,
1.609437912,100000,1,1.008216895,1.035690409,,
1.609437912,100,2,0.882669979,2.090891038,,
1.609437912,200,2,0.924828082,1.755813862,,
1.609437912,300,2,0.917927038,1.623758776,,
1.609437912,500,2,0.935539106,1.442878608,,
1.609437912,700,2,0.962851751,1.341886974,,
1.609437912,1000,2,0.978028255,1.277294407,,
1.609437912,2000,2,0.966079865,1.170197393,,
1.609437912,3000,2,0.953944921,1.14252755,,
1.609437912,5000,2,0.974972232,1.123526332,,
1.609437912,7000,2,1.010096675,1.078208522,,
1.609437912,10000,2,0.991601529,1.069576355,,
1.609437912,50000,2,1.010771685,1.049181817,,
1.609437912,100000,2,1.011283536,1.028536035,,
1.609437912,100,3,1.02957694,3.557142558,,
1.609437912,200,3,1.068713574,2.625194912,,
1.609437912,300,3,1.054955604,2.270065919,,
1.609437912,500,3,1.059067657,1.94189783,,
1.609437912,700,3,1.05959896,1.74304611,,
1.609437912,1000,3,1.086313975,1.569371154,,
1.609437912,2000,3,1.058108092,1.371691607,,
1.609437912,3000,3,1.036025356,1.336870537,,
1.609437912,5000,3,1.041215775,1.265492075,,
1.609437912,7000,3,1.05794427,1.205014162,,
1.609437912,10000,3,1.043138134,1.164759525,,
1.609437912,50000,3,1.042488977,1.080291748,,
1.609437912,100000,3,1.02040032,1.050486003,,
1.609437912,100,4,1.209418685,6.100429195,,
1.609437912,200,4,1.246095717,3.940673906,,
1.609437912,300,4,1.224758295,3.206216625,,
1.609437912,500,4,1.217161,2.635699904,,
1.609437912,700,4,1.198404,2.309204225,,
1.609437912,1000,4,1.231958861,1.983730574,,
1.609437912,2000,4,1.170474111,1.644686989,,
1.609437912,3000,4,1.131137453,1.580547386,,
1.609437912,5000,4,1.134413358,1.450023533,,
1.609437912,7000,4,1.132312816,1.364517505,,
1.609437912,10000,4,1.105128839,1.280030668,,
1.609437912,50000,4,1.067970404,1.140190805,,
1.609437912,100000,4,1.049522283,1.094899475,,
1.609437912,100,5,1.395517355,10.11251373,,
1.609437912,200,5,1.437446815,5.838252521,,
1.609437912,300,5,1.418128441,4.571730183,,
1.609437912,500,5,1.406553056,3.587421589,,
1.609437912,700,5,1.376495458,3.02488648,,
1.609437912,1000,5,1.398819265,2.536624612,,
1.609437912,2000,5,1.318535436,2.01521136,,
1.609437912,3000,5,1.263447897,1.880850656,,
1.609437912,5000,5,1.243164967,1.666591624,,
1.609437912,7000,5,1.237193063,1.550214907,,
1.609437912,10000,5,1.196888353,1.432631331,,
1.609437912,50000,5,1.118729047,1.211879688,,
1.609437912,100000,5,1.079114782,1.149344987,,
1.609437912,100,6,1.573091614,16.5583429,,
1.609437912,200,6,1.623530128,8.656450432,,
1.609437912,300,6,1.614478208,6.369480467,,
1.609437912,500,6,1.605915951,4.827728939,,
1.609437912,700,6,1.558623849,3.961592605,,
1.609437912,1000,6,1.577015611,3.184437724,,
1.609437912,2000,6,1.472613092,2.465217708,,
1.609437912,3000,6,1.402462077,2.2378426,,
1.609437912,5000,6,1.363835627,1.921114419,,
1.609437912,7000,6,1.355157694,1.757636112,,
1.609437912,10000,6,1.306058839,1.62171519,,
1.609437912,50000,6,1.169523436,1.282396369,,
1.609437912,100000,6,1.117871214,1.214650347,,
1.609437912,100,7,1.745859308,26.27989708,,
1.609437912,200,7,1.811483139,12.58455858,,
1.609437912,300,7,1.808946541,8.806087147,,
1.609437912,500,7,1.810256324,6.395194463,,
1.609437912,700,7,1.743885447,5.030294867,,
1.609437912,1000,7,1.773801364,4.02782714,,
1.609437912,2000,7,1.6450604,2.986260929,,
1.609437912,3000,7,1.565411334,2.66187879,,
1.609437912,5000,7,1.500297622,2.226325976,,
1.609437912,7000,7,1.482141544,2.044865747,,
1.609437912,10000,7,1.41286606,1.835108113,,
1.609437912,50000,7,1.238564241,1.381348799,,
1.609437912,100000,7,1.164467278,1.279616004,,
